id,Afghanistan,Brazil,Finland,Germany,India,Japan,Italy,Kenya,Malaysia,Nepal,Ukraine
1,0,0,0,0,0,2,0,0,0,0,0
2,0,0,0,0,0,2,0,0,0,0,0
3,0,0,0,0,0,2,0,0,0,0,0
4,0,0,0,0,0,2,0,0,4,1,0
5,0,0,0,0,0,4,0,0,4,1,0
6,0,0,0,1,0,4,0,0,4,1,0
7,0,0,0,4,0,7,0,0,4,1,0
8,0,0,1,4,0,7,0,0,7,1,0
9,0,0,1,4,1,11,0,0,8,1,0
10,0,0,1,5,1,15,2,0,8,1,0
11,0,0,1,8,1,20,2,0,8,1,0
12,0,0,1,10,2,20,2,0,8,1,0
13,0,0,1,12,3,20,2,0,8,1,0
14,0,0,1,12,3,22,2,0,10,1,0
15,0,0,1,12,3,23,2,0,12,1,0
16,0,0,1,12,3,23,2,0,14,1,0
17,0,0,1,13,3,23,3,0,15,1,0
18,0,0,1,13,3,24,3,0,16,1,0
19,0,0,1,14,3,24,3,0,17,1,0
20,0,0,1,14,3,26,3,0,18,1,0
21,0,0,2,16,3,27,3,0,18,1,0
22,0,0,2,16,3,28,3,0,18,1,0
23,0,0,2,16,3,33,3,0,18,1,0
24,0,0,2,16,3,43,3,0,19,1,0
25,0,0,2,16,3,54,3,0,22,1,0
26,0,0,2,16,3,60,3,0,22,1,0
27,0,0,2,16,3,67,3,0,22,1,0
28,0,0,2,16,3,79,3,0,22,1,0
29,0,0,2,16,3,85,3,0,22,1,0
30,0,0,2,16,3,95,3,0,22,1,0
31,0,0,2,16,3,112,20,0,22,1,0
32,0,0,2,16,3,137,62,0,22,1,0
33,0,0,3,16,3,149,155,0,22,1,0
34,5,0,3,16,3,160,229,0,22,1,0
35,5,0,3,16,3,173,322,0,22,1,0
36,5,1,4,21,3,192,453,0,22,1,0
37,5,1,4,26,3,218,655,0,23,1,0
38,5,1,5,53,3,236,888,0,25,1,0
39,5,2,8,66,3,245,1128,0,29,1,0
40,5,2,9,117,3,259,1694,0,29,1,0
41,5,2,10,150,5,278,2036,0,29,1,0
42,5,2,10,188,5,298,2502,0,36,1,1
43,5,4,14,240,28,333,3089,0,50,1,1
44,5,4,20,349,30,365,3858,0,55,1,1
45,5,13,21,534,31,420,4636,0,83,1,1
46,8,13,28,684,34,466,5883,0,93,1,1
47,8,20,35,847,39,499,7375,0,99,1,1
48,8,25,44,1112,43,527,9172,0,117,1,1
49,8,31,61,1296,56,585,10149,0,129,1,1
50,11,38,115,1567,62,640,12462,0,149,1,1
51,11,52,191,2369,73,696,15113,0,158,1,1
52,11,151,251,3062,82,733,17660,1,197,1,3
53,14,151,279,3795,102,795,21157,1,238,1,3
54,20,162,308,4838,113,826,24747,3,428,1,3
55,25,200,361,6012,119,843,27980,3,553,1,7
56,26,321,413,7156,142,893,31506,3,673,1,14
57,26,372,460,8198,156,928,35713,3,790,1,14
58,26,621,550,10999,194,968,41035,7,900,1,16
59,24,793,649,13957,244,1022,47021,7,1030,1,29
60,24,1021,736,16662,330,1059,53578,7,1183,1,47
61,34,1546,823,18610,396,1104,59138,15,1306,1,73
62,40,1924,901,22672,499,1144,63927,16,1518,2,73
63,42,2247,985,27436,536,1217,69176,25,1624,2,97
64,74,2554,1084,31554,657,1314,74386,28,1796,3,145
65,80,2985,1188,36508,727,1416,80589,31,2031,3,196
66,91,3417,1301,42288,887,1530,86498,31,2161,4,310
67,106,3904,1396,48582,987,1728,92472,38,2320,5,356
68,114,4256,1473,52547,1024,1907,97689,42,2470,5,475
69,114,4579,1543,57298,1251,2001,101739,50,2626,5,548
70,166,5717,1672,61913,1397,2255,105792,59,2766,5,645
71,192,6836,1797,67366,1998,2535,110574,81,2908,5,794
72,235,8044,1946,73522,2543,2818,115242,110,3116,6,897
73,269,9056,2107,79696,2567,3154,119827,122,3333,6,1072
74,270,10360,2306,85778,3082,3525,124632,126,3483,9,1225
75,299,11130,2387,91714,3588,3876,128948,142,3662,9,1308
76,337,12161,2509,95391,4778,4110,132547,158,3793,9,1319
77,367,14034,2718,99225,5311,4485,135586,172,3963,9,1462
78,423,16170,2918,103228,5916,5020,139422,179,4119,9,1668
79,444,18092,3056,108202,6725,5614,143626,184,4228,9,1892
80,521,19638,3214,113525,7598,6250,147577,189,4346,9,2203
81,521,20727,3285,117658,8446,6951,152271,191,4530,9,2511
82,555,22192,3360,120479,9205,7473,156363,197,4683,12,2777
83,607,23430,3440,123016,10453,7773,159516,208,4817,14,3102
84,665,25262,3557,125098,11487,8277,162488,216,4987,16,3372
85,770,28320,3732,127584,12322,8835,165155,225,5072,16,3764
86,794,30425,3862,130450,13430,9398,168941,234,5182,16,4161
87,845,33682,3982,133830,14352,9958,172434,246,5251,30,4662
88,908,36658,4107,137439,15722,10548,175925,262,5305,31,5106
89,933,38654,4163,139897,17615,10914,178972,270,5389,31,5449
90,996,40743,4230,141672,18539,11258,181228,281,5425,31,5710
91,1026,43079,4373,143457,20080,11641,183957,296,5482,43,6125
92,1092,45757,4485,145694,21370,12037,187327,303,5532,45,6592
93,1176,50036,4609,148046,23077,12469,189973,320,5603,48,7170
94,1226,54043,4725,150383,24530,12854,192994,336,5691,49,7647
95,1330,59324,4817,152438,26283,13186,195351,343,5742,49,8125
96,1463,63100,4893,154175,27890,13405,197675,355,5780,52,8617
97,1531,67446,4966,155193,29451,13576,199414,363,5820,52,9009
98,1703,73235,5089,156337,31324,13860,201505,374,5851,54,9410
99,1827,79685,5228,157641,33062,14076,203591,384,5945,57,9866
100,1827,87187,5336,159119,34863,14284,205463,396,6002,57,10406
101,2171,92202,5422,160758,37257,14558,207428,411,6071,59,10861
102,2469,97100,5470,161703,39699,14861,209328,435,6176,59,11411
103,2469,101826,5528,162496,42505,15061,210717,465,6298,75,11913
104,2469,108620,5589,163175,46437,15229,211938,490,6353,75,12331
105,2469,115455,5722,163860,49400,15354,213013,535,6383,82,12697
106,3224,126611,5847,164807,52987,15455,214457,582,6428,99,13184
107,3392,135773,5942,166091,56351,15553,215858,607,6467,101,13691
108,3563,146894,6050,167300,59695,15640,217185,621,6535,102,14195
109,3563,156061,6131,168551,62808,15755,218268,649,6589,110,14710
110,4402,162699,6178,169218,67161,15824,219070,672,6656,110,15232
111,4664,169594,6206,169575,70768,15861,219814,700,6726,134,15648
112,4967,178214,6298,170508,74292,15948,221216,715,6742,217,16023
113,4967,190137,6365,171306,78055,15998,222104,737,6779,250,16425
114,5339,203165,6443,172239,81997,16096,223096,758,6819,249,16847
115,6053,220291,6493,173152,85784,16148,223885,781,6855,267,17330
116,6402,233511,6548,173772,90648,16202,224760,830,6872,291,17858
117,6635,241080,6573,174355,95698,16226,225435,887,6894,295,18291
118,7072,255368,6602,174697,100328,16259,225886,912,6941,375,18616
119,7655,271885,6647,175210,106475,16287,226699,963,6978,402,18876
120,8145,294624,6688,176007,112028,16321,227364,1029,7009,427,19230
121,8676,312761,6731,176752,118226,16362,228006,1109,7059,457,19706
122,9216,334568,6753,177212,124794,16385,228658,1161,7137,516,20148
123,9952,351565,6785,177850,131423,16410,229327,1192,7185,584,20580
124,10668,366033,6803,178281,138536,16451,229858,1214,7245,603,20986
125,11180,378840,6823,178570,144950,16472,230158,1286,7417,682,21245
126,11917,395167,6868,179002,150793,16502,230555,1348,7604,772,21584
127,12465,415366,6901,179364,158086,16528,231139,1471,7619,886,21905
128,13102,443703,6913,179717,165386,16588,231732,1618,7629,1042,22382
129,13745,470593,6943,180458,173491,16661,232248,1745,7732,1212,22811
130,14529,502914,6964,181196,181827,16706,232664,1888,7762,1401,23204
131,15180,516137,6974,181482,190609,16741,232997,1962,7819,1572,23672
132,15836,531286,6986,181815,198370,16778,233197,2021,7857,1811,24562
133,16578,562963,7003,182028,207191,16829,233515,2093,7877,2099,24895
134,17353,589048,7018,182370,216824,16858,233836,2216,7970,2300,25385
135,17977,621002,7043,182764,226713,16902,234013,2340,8247,2634,25981
136,19055,653103,7055,183271,236184,16949,234531,2474,8266,2912,26542
137,19637,676893,7068,183678,246622,16995,234801,2600,8303,3235,27101
138,20428,694881,7081,183979,257486,17033,234998,2767,8322,3448,27599
139,21003,712219,7085,184193,265928,17054,235278,2872,8329,3762,28077
140,21308,743917,7095,184543,276146,17099,235561,2989,8336,4086,28479
141,22228,777707,7103,184861,286605,17135,235763,3094,8338,4364,29015
142,22976,806399,7110,185416,297535,17179,236142,3215,8369,4614,29706
143,23632,830681,7119,185674,308993,17240,236305,3305,8402,5062,30415
144,24188,851911,7132,186022,320922,17285,236651,3457,8445,5335,31177
145,24852,868705,7134,186269,332424,17360,236989,3594,8453,5760,31851
146,25613,893322,7139,186461,343091,17432,237290,3727,8494,6211,32536
147,25719,930305,7155,186839,354065,17474,237500,3860,8505,6591,33209
148,26960,961230,7163,187184,366946,17520,237828,4044,8515,7177,33986
149,27423,986750,7167,187764,380532,17589,238159,4257,8529,7848,34833
150,27964,1042809,7175,188534,395048,17650,238011,4374,8535,8274,35755
151,28383,1106332,7175,189135,410451,17714,238275,4478,8556,8605,36615
152,28919,1086536,7177,189822,425282,17769,238499,4738,8572,9026,37361
153,29229,1114728,7190,190359,440215,17812,238720,4797,8587,9561,38056
154,29567,1154255,7195,190862,456183,17869,238833,4952,8590,10099,38901
155,29726,1195288,7200,191449,473105,17965,239410,5206,8596,10728,39852
156,30261,1236752,7217,192079,490401,18047,239706,5384,8600,11162,40854
157,30346,1281636,7231,192556,508953,18152,239961,5533,8606,11755,41975
158,30702,1318556,7234,193243,528859,18244,240136,5811,8616,12309,42932
159,31053,1351439,7236,193499,548318,18357,240310,6070,8634,12772,43856
160,31324,1372989,7243,193761,566840,18467,240436,6190,8637,13248,44538
161,31445,1412669,7259,194259,585481,18605,240578,6366,8639,13564,45254
162,31848,1459494,7269,194725,604641,18732,240760,6673,8640,14046,45924
163,32108,1503895,7271,195228,625544,18926,240961,6941,8643,14519,46821
164,32410,1546935,7278,195674,648315,19176,241184,7188,8648,15259,47705
165,32758,1580502,7284,196096,673165,19450,241419,7577,8658,15491,48628
166,33037,1605695,7286,196335,697413,19658,241611,7886,8663,15784,49468
167,33150,1630149,7289,196554,719664,19834,241819,8067,8668,15964,50053
168,33470,1676848,7297,196944,742417,20042,241956,8250,8674,16168,50622
169,33680,1722098,7300,197341,767296,20249,242149,8528,8677,16423,51457
170,33739,1765060,7309,197783,793802,20604,242363,8975,8683,16531,52285
171,34280,1809371,7317,198178,820916,21034,242639,9448,8696,16649,53116
172,34437,1844318,7323,198556,849522,21420,242827,9726,8704,16719,53941
173,34537,1867976,7323,198804,878254,21827,243061,10105,8718,16801,54647
174,34541,1890869,7327,198963,906752,22086,243230,10294,8725,16945,55285
175,34826,1933791,7333,199375,936181,22419,243344,10791,8729,17061,55931
176,35026,1973933,7338,199726,968857,22869,243506,11252,8734,17177,56779
177,35156,2017616,7343,200260,1003832,23493,243736,11673,8737,17344,57640
178,35315,2052234,7352,200843,1039084,24090,243967,12062,8755,17445,58466
179,35375,2077987,7358,201372,1077781,24751,244216,12750,8764,17502,59333
180,35561,2101399,7365,201574,1118206,25262,244434,13353,8779,17658,60077
181,35595,2124152,7370,201823,1155338,25680,244624,13771,8800,17844,60767
182,35701,2171079,7382,202345,1193078,26312,244752,14168,8815,17994,61454
183,35813,2237229,7390,202799,1238798,27107,245032,14805,8831,18094,62295
184,36001,2294555,7401,203368,1288108,28088,245338,15601,8840,18241,63169
185,36067,2351458,7404,204183,1337024,28867,245590,16268,8861,18374,64173
186,36122,2398993,7414,204964,1385635,29668,245864,16643,8884,18483,65317
187,36243,2421666,7418,205269,1435616,30507,246118,17603,8897,18613,66261
188,36349,2449677,7426,205609,1480073,31107,246286,17975,8904,18752,67096
189,36454,2503681,7438,206242,1531669,32092,246488,18581,8943,19063,68030
190,36557,2559132,7447,206926,1581963,33362,246776,19125,8956,19273,69078
191,36628,2617187,7459,207828,1634746,34670,247158,19913,8964,19547,70300
192,36628,2670451,7467,208698,1695988,36256,247537,20636,8976,19771,71404
193,36796,2711992,7485,209653,1750723,37790,247832,21363,8985,20086,72609
194,36796,2736058,7500,209893,1803695,39121,248070,22053,8999,20332,73761
195,36796,2756164,7510,210402,1855745,40086,248229,22597,9001,20750,74781
196,36833,2812447,7545,211281,1908254,41332,248419,23202,9002,21009,75880
197,36915,2868616,7567,212022,1964536,42687,248803,23873,9023,21390,77169
198,36982,2922605,7596,213067,2027074,44172,249204,24411,9038,21750,78515
199,37023,2972008,7618,214214,2088611,45777,249756,25138,9063,22214,80018
200,37101,3018397,7635,215336,2153010,47348,250103,25837,9070,22592,81534
201,37140,3041127,7644,215891,2215074,48789,250566,26436,9083,22972,82767
202,37140,3067633,7679,216327,2268675,49627,250825,26928,9094,23310,83812
203,37355,3118153,7694,217293,2329638,50324,251237,27425,9103,23948,85023
204,37431,3173107,7722,218519,2396637,51303,251713,28104,9114,24432,86504
205,37510,3233820,7749,219964,2461190,52475,252235,28754,9129,24957,88136
206,37517,3283227,7770,221413,2525922,53831,252809,29334,9149,25551,89917
207,37637,3320108,7797,222828,2589952,55062,253438,29849,9175,26019,91795
208,37682,3343114,7811,223453,2647663,56079,253915,30120,9200,26660,93490
209,37682,3367511,7854,224014,2702681,56726,254235,30365,9212,27241,95007
210,37685,3416775,7881,225404,2767253,57642,254636,30636,9219,28257,96653
211,37685,3465378,7920,226914,2836925,58712,255278,31015,9235,28938,98658
212,37845,3508352,7967,228621,2905825,59890,256118,31441,9240,29645,100810
213,37942,3540678,7994,230048,2975701,60927,257065,31763,9249,30483,102948
214,37980,3586586,8019,232082,3044940,61911,258136,32118,9257,31117,105337
215,38039,3608459,8035,232864,3106348,62655,259345,32364,9267,31935,107379
216,38085,3631972,8046,233575,3167323,63148,260298,32557,9274,32678,109234
217,38156,3678279,8063,234853,3224547,63863,261174,32803,9285,33533,110949
218,38199,3726431,8078,236429,3310234,64766,262540,33016,9291,34418,112653
219,38215,3768691,8098,237936,3387500,65629,263949,33389,9296,35529,114663
220,38226,3812779,8130,239507,3463972,66505,265409,33630,9306,36456,117172
221,38229,3850070,8165,240986,3542733,67349,266853,33794,9317,37340,119751
222,38229,3864604,8184,241771,3621245,67949,268218,34057,9334,38561,121930
223,38248,3914829,8202,242381,3691166,68385,269214,34201,9340,39460,124132
224,38282,3959158,8250,243599,3769523,69018,270189,34315,9354,40529,126279
225,38329,4005611,8279,244855,3853406,69610,271515,34493,9360,41649,128833
226,38374,4052420,8305,246166,3936747,70267,272912,34705,9374,42877,131300
227,38374,4091959,8341,247619,4023179,70854,274644,34884,9385,44236,134069
228,38390,4125816,8383,248997,4113811,71452,276338,35020,9391,45277,136966
229,38484,4140488,8405,249985,4204613,71903,277634,35103,9397,46257,139171
230,38580,4150004,8438,250799,4280422,72194,278784,35205,9459,47236,141424
231,38606,4168790,8483,252298,4370128,72703,280153,35356,9559,48138,143914
232,38630,4205877,8540,253474,4465863,73211,281583,35460,9583,49219,146511
233,38658,4246638,8595,255366,4562414,73923,283180,35603,9628,50465,149146
234,38692,4288171,8649,256850,4659984,74565,284796,35793,9810,51919,152373
235,38727,4318971,8707,258480,4754356,75211,286297,35969,9868,53120,155558
236,38802,4332991,8747,259428,4846427,75650,287753,36157,9915,54159,158122
237,38858,4353602,8792,260355,4930236,75916,288761,36205,9946,55329,160679
238,38901,4388154,8851,261762,5020359,76447,289990,36301,9969,56788,163678
239,38941,4425451,8904,263663,5118253,76998,291442,36301,10031,58327,166694
240,38958,4461856,8962,265857,5214677,77487,293025,36576,10052,59573,170373
241,38969,4501587,9047,267773,5308014,78059,294932,36724,10147,61593,173703
242,39005,4531145,9124,270070,5400619,78655,296569,36829,10167,62797,177048
243,39130,4546587,9188,271415,5487580,79135,298156,36981,10219,64122,180119
244,39160,4564222,9262,272337,5562663,79445,299506,37079,10276,65276,182900
245,39182,4599189,9382,274158,5646010,79776,300897,37218,10358,66632,185890
246,39231,4631915,9492,275927,5732518,79995,302537,37348,10505,67804,189488
247,39256,4663930,9610,278070,5818570,80477,304323,37489,10576,69301,192966
248,39272,4696240,9708,280223,5903932,81050,306235,37707,10687,70614,196631
249,39278,4720958,9836,282730,5992532,81689,308104,37871,10769,71821,200566
250,39313,4734745,9910,284140,6074702,82174,309870,38115,10919,73394,203799
251,39325,4751616,9981,285332,6145291,82476,311364,38168,11034,74745,206579
252,39340,4784464,10105,287421,6225763,83003,313011,38378,11135,76258,210309
253,39354,4817365,10239,289219,6312584,83579,314861,38529,11224,77817,214446
254,39371,4853148,10407,291722,6394068,84212,317409,38713,11484,79728,218625
255,39376,4885966,10598,294395,6473544,84754,319908,38923,11771,82450,223376
256,39383,4908974,10785,296958,6549373,85328,322751,39184,12088,84570,228161
257,39427,4917689,10963,299237,6623815,85728,325329,39427,12381,86823,232424
258,39508,4943742,11111,300619,6685082,86007,327586,39449,12813,89263,236329
259,39572,4975268,11402,303258,6757131,86507,330263,39586,13504,90814,240811
260,39634,5006206,11703,306086,6835655,87013,333940,39907,13993,94253,245698
261,39702,5033036,12009,310144,6906151,87640,338398,40178,14368,98617,251243
262,39779,5060769,12268,314660,6979423,88243,343770,40620,14722,100676,257204
263,39789,5084513,12494,319381,7053806,88921,349494,41158,15096,105684,263105
264,39885,5096704,12605,322864,7120538,89357,354950,41546,15657,107755,268065
265,39956,5105340,12737,325331,7175880,89635,359569,41619,16220,111802,272671
266,40014,5118699,12993,329453,7239389,90133,365467,41937,16880,115358,277982
267,40080,5146543,13192,334585,7307097,90685,372799,42541,17540,117996,283762
268,40112,5176969,13394,341223,7370468,91393,381602,43143,18129,121745,289022
269,40159,5205565,13585,348557,7432680,92032,391611,43580,18758,126137,295227
270,40227,5226341,13780,356387,7494551,92655,402536,44196,19627,129304,301856
271,40286,5238392,13884,361974,7550273,93085,414241,44881,20498,132246,307301
272,40373,5254971,14013,366299,7597063,93401,423578,45076,21363,136036,312287
273,40461,5278737,14256,373167,7651107,93882,434449,45647,22225,139129,317967
274,40461,5304593,14423,380762,7706946,94497,449648,46144,22957,144872,324942
275,40510,5329357,14611,392049,7761312,95113,465726,47212,23804,148509,332262
276,40626,5359358,14834,403291,7814682,95858,484869,47843,24514,153008,340042
277,40687,5384342,15028,418005,7864811,96584,504509,48790,25742,155233,347317
278,40768,5396596,15135,429181,7909959,97077,525782,49721,26565,158089,353723
279,40833,5415207,15259,437866,7946429,97487,542789,49997,27805,159830,359348
280,40937,5445189,15514,449275,7990322,98133,564778,50833,28640,160400,366233
281,41032,5473540,15748,464239,8040203,98864,589766,51851,29441,162354,374023
282,41145,5500240,15988,481013,8088851,99672,616595,52612,30090,164718,381664
283,41268,5524593,16224,499694,8137119,100446,647674,53797,30889,168235,390272
284,41334,5537763,16444,518753,8184082,101323,679430,55192,31548,170743,399330
285,41425,5547951,16565,532930,8229313,101936,709335,55877,32505,173567,407573
286,41501,5556200,16716,545027,8267623,102423,731588,56601,33339,176500,414567
287,41633,5570782,17003,560379,8313876,103288,759829,57093,34393,179614,423683
288,41728,5594098,17244,577593,8364086,103912,790377,58587,35425,182923,433492
289,41814,5617943,17458,597583,8411724,104960,824879,59595,36434,185974,443630
290,41935,5638143,17676,619089,8462080,106103,862681,60704,38189,188883,453565
291,41975,5655887,17872,642488,8507754,107436,902490,61769,39357,191636,464598
292,42033,5666389,18000,658505,8553657,108386,935104,62488,40209,194453,474245
293,42159,5679803,18132,671868,8591730,109166,960373,63244,41181,197024,483153
294,42297,5726227,18405,687200,8636011,110449,995463,64588,42050,199760,493544
295,42463,5752474,18611,705687,8683916,111993,1028424,65804,42872,202329,504423
296,42609,5786393,18906,727553,8728795,113652,1066401,66723,43791,204242,515755
297,42795,5825111,19190,751095,8773479,115356,1107303,68193,45095,206353,527808
298,42969,5851389,19458,773556,8814579,117091,1144552,69273,46209,208299,540593
299,43035,5865295,19603,790503,8845127,118530,1178529,70245,47417,209776,551533
300,43240,5881039,19783,801327,8874290,119480,1205881,70804,48520,210973,561581
301,43403,5916529,20176,815746,8912907,121180,1238072,71729,49730,211475,573758
302,43628,5951281,20564,833307,8958483,123374,1272352,72686,50390,212917,586522
303,43851,5987143,20941,855916,9004365,125759,1308528,74145,51680,215020,600152
304,44228,6025913,21419,879564,9050597,128180,1345767,75193,52638,216965,614986
305,44443,6056135,21847,902528,9095806,130772,1380531,76404,53679,218639,629850
306,44503,6074061,22117,918269,9139865,132931,1408868,77372,54775,220308,642215
307,44706,6092219,22384,929133,9177840,134449,1431795,77785,56659,222288,653442
308,44988,6126752,22888,942687,9222216,135678,1455022,78512,58847,224078,665968
309,45278,6171380,23359,961320,9266705,137620,1480874,79322,59817,226026,680132
310,45490,6212265,23978,983588,9309787,140120,1509875,80102,60752,227640,695755
311,45716,6245773,24488,1006394,9351109,142651,1538217,81656,61861,229343,712249
312,45839,6297258,24944,1028089,9392919,145326,1564532,82605,63176,230723,728834
313,45966,6318270,25228,1042700,9431691,147388,1585178,83316,64485,231978,742105
314,46215,6341965,25521,1053869,9462809,148824,1601554,83618,65697,233452,752343
315,46498,6393950,26117,1067473,9499413,150857,1620901,84169,67169,233452,765117
316,46717,6442425,26557,1084743,9534964,153289,1641610,85130,68020,236246,778560
317,46980,6492564,27052,1106789,9571559,155806,1664829,86383,69095,237589,793372
318,47258,6540235,27530,1130238,9608211,158258,1688939,87249,70236,238861,808828
319,47388,6580517,28003,1153556,9644222,160766,1709991,87984,71359,239885,822985
320,47641,6606947,28253,1171323,9677203,162804,1728878,88380,72694,240981,834913
321,47901,6633971,28536,1183655,9703770,164335,1742557,88579,74294,241995,843898
322,48136,6681767,29123,1197709,9735850,166511,1757394,89100,75306,243377,855054
323,48366,6736358,29601,1218524,9767371,169321,1770149,89661,76265,244433,867991
324,48540,6789908,30063,1242203,9796744,172290,1787147,90305,78499,245650,881727
325,48753,6842458,30470,1272078,9826775,175085,1805873,90978,80309,246694,895620
326,48826,6884782,30917,1300516,9857029,178122,1825775,91526,82246,247593,908839
327,48952,6906811,31166,1320716,9884100,180505,1843712,91892,83475,248423,918444
328,49273,6934191,31442,1337078,9906165,182186,1855737,92055,84846,249244,925321
329,49484,6982223,31905,1351510,9932547,184612,1870576,92459,86618,250180,934161
330,49703,7048347,32265,1379238,9956557,187608,1888144,92853,87913,250916,945218
331,49927,7117046,32617,1406161,9979447,190817,1906377,93405,89133,251692,957692
332,50202,7169899,32942,1439938,10004599,193654,1921778,93761,90816,252474,970758
333,50456,7218141,33336,1471238,10031223,196643,1938083,94151,91969,253184,982937
334,50536,7242625,33527,1494009,10055560,199134,1953185,94500,93309,253772,991700
335,50678,7270270,33771,1510652,10075116,200945,1964054,94614,95327,254514,998678
336,50888,7326935,34146,1530180,10099066,203639,1977370,94768,97389,255236,1007627
337,51070,7372614,34478,1554920,10123778,206915,1991278,95195,98737,255979,1018199
338,51357,7430825,34755,1587115,10146845,210661,2009317,95431,100318,256592,1030125
339,51595,7452008,34893,1612648,10169118,214493,2028354,95713,101565,257200,1041583
340,51764,7469541,35050,1627103,10187850,218378,2038759,95843,103900,257700,1049717
341,51848,7487155,35233,1640858,10207871,221322,2047696,95923,105096,258181,1056265
342,52007,7514592,35424,1651834,10224303,223719,2056277,95992,106690,258840,1061074
343,52147,7570963,35859,1664726,10244852,227346,2067487,96139,108615,259548,1068476
344,52330,7626563,36167,1687185,10266674,231217,2083689,96251,110485,260059,1076880
345,52330,7681032,36422,1719737,10286709,235749,2107166,96458,113010,260593,1086997
346,52513,7703971,36676,1742661,10305788,239005,2129376,96614,115078,261019,1096855
347,52586,7719324,36804,1755351,10323965,242076,2141201,96678,117373,261438,1102256
348,52709,7736514,37009,1765666,10340469,245242,2155446,96802,119077,261859,1107137
349,52909,7761553,37178,1775513,10356844,248585,2166244,96908,120818,262262,1111631
350,53011,7819636,37575,1787410,10374932,253534,2181619,97127,122845,262784,1117256
351,53105,7882143,37837,1808647,10395278,259583,2201945,97398,125438,263193,1124482
352,53207,7970112,38045,1835038,10413417,267225,2220361,97733,128465,263605,1133802
353,53332,8029698,38377,1866887,10413417,275182,2237890,97954,131108,264159,1139800
354,53400,8081091,38629,1891581,10450284,283036,2257866,98184,133559,264521,1144943
355,53489,8110118,38822,1908527,10466595,289144,2276491,98271,135992,264780,1150265
356,53538,8140865,39010,1921024,10479179,294050,2289021,98334,138224,265268,1154850
357,53584,8205289,39396,1933826,10495147,298647,2303263,98432,141533,265698,1160243
358,53690,8265116,39625,1953426,10512093,304564,2319036,98555,144518,266143,1166958
359,53775,8333445,39883,1978590,10527683,311220,2336279,98693,147855,266546,1175343
360,53831,8402542,40131,2000958,10542841,318393,2352423,98859,151066,266816,1183963
361,53938,8460987,40397,2019636,10557985,325435,2368733,99082,155095,267056,1192114
362,53984,8492403,40568,2033518,10571773,331195,2381277,99162,158434,267322,1198512
363,54062,8521336,40766,2040659,10581823,336132,2390102,99227,161740,267644,1201894
364,54141,8583485,41213,2052028,10595639,341467,2400598,99308,165371,267992,1206125
365,54278,8647962,41555,2068002,10610883,347029,2414166,99444,169379,268310,1210854
366,54403,8706912,41961,2088400,10625428,352693,2428221,99630,172549,268646,1216780
367,54483,8763517,42338,2106262,10639684,357750,2441854,99769,176180,268948,1222459
368,54559,8821815,42699,2122679,10654533,362476,2455185,99898,180455,269180,1227723
369,54595,8850334,42867,2134936,10667736,366466,2466813,99983,183801,269450,1231965
370,54672,8880864,43114,2141665,10676838,369229,2475372,100052,186849,269789,1234772
371,54750,8942472,43719,2148077,10689527,373082,2485956,100193,190434,270092,1237810
372,54854,9007244,44116,2161275,10701193,377056,2501147,100323,194114,270375,1241863
373,54891,9068004,44498,2178828,10720048,381187,2515507,100422,198208,270588,1247674
374,54939,9127507,44933,2192850,10733130,384725,2529070,100563,203933,270745,1253127
375,55008,9180621,45312,2205171,10746174,388067,2541783,100675,209661,270854,1258093
376,55023,9208521,45546,2216363,10757610,390740,2553032,100773,214959,270959,1261546
377,55059,9237011,45820,2221971,10766245,392533,2560957,100856,219173,271118,1263833
378,55121,9293289,46353,2228085,10777284,394857,2570608,101009,222628,271289,1266464
379,55174,9347703,46749,2237790,10790183,397491,2583790,101159,226912,271431,1270001
380,55231,9404810,47190,2252001,10802591,400069,2597446,101339,231483,271602,1275334
381,55265,9456500,47562,2264909,10814304,402439,2611659,101534,234874,271707,1280501
382,55330,9502810,47928,2275394,10826363,404716,2625098,101690,238721,271806,1285059
383,55335,9528972,48165,2284010,10838194,406346,2636738,101819,242452,271925,1288669
384,55359,9557558,48429,2288545,10847304,407563,2644707,101944,245552,272055,1291025
385,55384,9608775,48890,2291924,10858371,409131,2655319,102048,248316,272215,1293892
386,55402,9669883,49263,2299996,10871294,411017,2668266,102221,251604,272349,1297537
387,55420,9723487,49646,2310233,10880603,412707,2683403,102353,254988,272430,1302811
388,55445,9772429,50007,2320093,10892746,414007,2697296,102613,258306,272557,1307806
389,55473,9817285,50424,2328447,10904940,415367,2710819,102792,261805,272614,1313209
390,55492,9848008,50703,2334561,10916589,416729,2721879,102867,264269,272718,1316520
391,55514,9873816,50984,2338987,10925710,417694,2729223,103014,266445,272840,1319060
392,55518,9939100,51601,2342843,10937320,419002,2739591,103188,269165,272945,1322406
393,55540,9986325,52114,2350399,10950201,420450,2751657,103332,272163,273070,1326891
394,55557,10039804,52667,2360606,10963394,421986,2765412,103615,274875,273166,1333332
395,55575,10091961,53281,2369719,10977387,423287,2780882,103841,277811,273263,1340054
396,55580,10144332,53853,2378883,10991651,424520,2795796,103993,280272,273351,1346527
397,55604,10173817,54171,2386559,11005850,425552,2809246,104201,283569,273431,1351190
398,55617,10205663,54526,2390928,11016434,426292,2818863,104306,285761,273556,1354545
399,55646,10269248,55149,2394811,11030176,427373,2832162,104500,288229,273666,1358871
400,55664,10334634,55774,2402818,11046914,428294,2848564,104780,291774,273760,1364861
401,55680,10402913,56373,2414687,11063491,429370,2868435,105057,293698,273872,1373139
402,55696,10466308,57002,2424684,11079979,430424,2888923,105467,295951,273984,1381273
403,55707,10524726,57690,2434446,11096731,431637,2907825,105648,298315,274065,1389570
404,55714,10558091,58095,2442336,11112241,432636,2925265,105973,300752,274143,1395528
405,55733,10598476,58517,2447068,11124527,433334,2938371,106125,302580,274216,1399934
406,55759,10658171,59388,2451011,11139516,434222,2955434,106470,304135,274294,1405394
407,55770,10731070,60144,2460030,11156923,435465,2976274,106801,305880,274381,1412748
408,55775,10807092,60877,2471942,11173761,436634,2999119,107329,307943,274488,1422927
409,55827,10879597,61515,2482522,11192045,437782,3023129,107729,310097,274608,1433200
410,55840,10946501,62145,2492079,11210799,438825,3046762,108362,311777,274655,1442457
411,55847,11028185,62578,2500182,11229398,439896,3067486,108827,313460,274721,1449741
412,55876,11064770,62974,2505193,11244786,440496,3081368,109164,314989,274810,1455421
413,55876,11136064,63808,2509445,11262707,441623,3101093,109643,316269,274869,1458785
414,55894,11217531,64579,2518591,11285561,442936,3123368,110356,317717,274973,1465265
415,55917,11294602,65401,2532947,11308846,444253,3149017,111185,319364,275070,1474452
416,55959,11377073,66181,2545781,11333728,445524,3175807,111935,320939,275118,1487497
417,55959,11447416,66989,2558455,11359048,446843,3201838,112805,322409,275178,1500873
418,55985,11490864,67484,2569245,11385339,447830,3223142,113236,323763,275231,1509983
419,55985,11535178,67919,2575849,11409831,448525,3238394,113967,324971,275310,1516865
420,55995,11620823,68811,2581329,11438734,449658,3258770,115031,326034,275424,1526595
421,56016,11709475,69578,2594764,11474605,451191,3281810,116310,327253,275518,1538516
422,56044,11797401,70321,2612268,11514331,452688,3306711,117535,328466,275625,1553659
423,56069,11885660,71060,2629750,11555284,454151,3332418,118889,330042,275750,1569596
424,56093,11958814,71805,2645783,11599130,455667,3356331,120163,331713,275829,1584972
425,56103,12006259,72209,2659516,11646081,456785,3376376,120910,333040,275906,1596201
426,56153,12062229,72629,2667225,11686796,457601,3400877,122040,334156,276056,1604183
427,56177,12147437,73397,2674710,11734058,459101,3419616,123167,335540,276244,1615747
428,56192,12238343,74100,2690523,11787534,461018,3440862,124707,336808,276389,1630013
429,56226,12336604,74795,2713180,11846652,462933,3464543,126170,338168,276509,1646775
430,56254,12416950,75401,2734753,11908910,464958,3488619,128178,339443,276665,1665001
431,56290,12498653,76089,2755225,11971624,467029,3512453,129330,340642,276750,1682527
432,56294,12545611,76441,2772401,12039644,468811,3532057,130214,341944,276839,1694568
433,56322,12588226,76816,2782273,12095855,470156,3544957,131116,342885,276980,1703036
434,56384,12674667,77471,2791822,12149335,472243,3561012,132646,344018,277147,1713684
435,56454,12763392,78043,2808873,12221665,475086,3584899,134058,345500,277309,1725029
436,56517,12851165,78593,2833173,12303131,477691,3607083,135042,346678,277461,1742710
437,56572,12920540,79079,2855061,12392260,480445,3629000,136893,347972,277640,1762713
438,56595,12959895,79440,2873190,12485509,483217,3650247,138077,349610,277768,1783169
439,56676,12992213,79764,2885386,12589067,485684,3668264,138988,350959,277944,1797027
440,56717,13034887,80086,2893883,12686049,487255,3678944,139448,352029,278210,1807327
441,56779,13120019,80446,2900768,12801785,489921,3686707,139842,353329,278470,1820725
442,56873,13208715,80990,2910445,12928574,493369,3700393,141365,354468,278768,1836260
443,56943,13297270,81416,2930852,13060542,496865,3717602,143063,355753,279100,1855806
444,57019,13385380,81823,2956316,13205926,500353,3736526,144154,357607,279388,1875605
445,57144,13451932,82175,2980413,13358805,504118,3754077,145184,359117,279725,1893192
446,57160,13491107,82402,2998268,13527717,506954,3769814,145670,360856,280028,1905430
447,57242,13530757,82642,3011513,13689453,509058,3779594,146156,362173,280524,1913415
448,57364,13613418,83041,3022323,13873825,512510,3793033,147147,363940,280984,1925224
449,57492,13688024,83364,3044016,14074564,516817,3809193,148128,365829,281564,1939901
450,57534,13759207,83708,3073442,14291917,521386,3826156,149219,367977,282054,1956454
451,57612,13843594,83982,3099273,14526609,525910,3842079,150260,370528,282890,1974056
452,57721,13912159,84247,3123077,14788003,530703,3857443,151287,372859,283658,1989160
453,57793,13950997,84419,3142262,15061805,534787,3870131,151653,375054,284673,1999567
454,57898,13987519,84575,3153699,15320972,537690,3878994,151894,377132,285900,2006197
455,58037,14060162,84861,3163308,15616130,542040,3891063,152523,379473,287567,2015257
456,58214,14134150,85147,3188192,15930774,547326,3904899,153488,381813,289787,2027544
457,58312,14182258,85380,3217710,16263695,552818,3920945,154392,384688,292152,2043901
458,58542,14251539,85636,3245253,16610481,557922,3935703,155165,387535,294601,2058301
459,58730,14315320,85891,3268645,16960172,563517,3949517,156318,390252,297087,2071142
460,58843,14348961,86045,3287418,17313163,568116,3962674,156787,392942,300119,2079200
461,59015,14381359,86185,3299325,17636186,571430,3971114,156981,395718,303561,2084384
462,59225,14457203,86427,3310301,17997113,576391,3981512,157492,398451,307925,2092421
463,59370,14534482,86656,3332532,18376421,582174,3994894,158326,401593,312699,2102130
464,59576,14603096,86930,3357268,18762976,588087,4009208,158821,404925,317530,2113880
465,59745,14675104,87131,3381597,19164969,592771,4022653,159318,408713,323187,2124070
466,59939,14733396,87328,3400532,19557457,598754,4035617,160053,411594,328893,2132742
467,60122,14762684,87437,3416822,19925517,604644,4044762,160422,415012,336030,2137959
468,60300,14801673,87572,3425982,20282833,609108,4050708,160559,417512,343418,2140838
469,60563,14871208,87888,3433516,20664979,613298,4059821,160904,420632,351005,2143427
470,60797,14947580,88094,3451550,21077410,617358,4070400,161393,424376,359610,2146121
471,61162,15019870,88359,3473503,21491598,621728,4082198,162098,427927,368580,2152280
472,61455,15096714,88598,3491988,21892676,627778,4092747,162666,432425,377603,2160809
473,61755,15158475,88812,3507673,22296081,635016,4102921,163238,436944,385890,2169650
474,61842,15191195,88946,3520329,22662575,641500,4111210,163554,440677,394667,2175151
475,62063,15227496,89076,3527251,22992517,646440,4116287,163620,444484,403794,2178095
476,62403,15297602,89333,3533376,23340938,652675,4123230,163976,448457,413111,2180429
477,62718,15373850,89548,3548285,23703665,659726,4131078,164386,453222,422349,2185088
478,63045,15453880,89804,3565704,24046809,666600,4139160,164720,458077,431191,2192022
479,63355,15531794,89961,3577040,24372907,672862,4146722,165112,462190,439658,2199708
480,63412,15599145,90210,3584934,24684077,679279,4153374,165379,466330,447704,2206627
481,63484,15636709,90374,3593434,24965463,684535,4159122,165465,470110,455020,2210375
482,63598,15672307,90508,3598846,25228996,688212,4162576,165537,474556,464218,2212635
483,63819,15747112,90792,3603055,25496330,693436,4167025,166006,479421,472354,2216856
484,64122,15827375,91009,3614095,25772440,699227,4172525,166382,485496,480418,2222115
485,64575,15910762,91240,3626393,26031991,704939,4178261,166876,492302,488645,2227400
486,65080,15987393,91457,3635162,26289290,710184,4183476,167535,498795,497052,2232510
487,65486,16055289,91625,3642244,26530132,715219,4188190,168108,505115,505643,2237240
488,65728,16093784,91733,3648958,26752447,719258,4192183,168432,512091,513241,2239897
489,66275,16131264,91826,3651640,26948874,721969,4194672,168543,518600,520461,2241354
490,66903,16205305,92014,3653551,27157795,725861,4197892,168925,525889,528848,2244084
491,67743,16285550,92167,3656177,27369093,730394,4201827,169356,533367,535525,2247605
492,68366,16350081,92310,3662490,27555457,734526,4205970,169697,541224,542256,2251242
493,69130,16403969,92437,3669870,27729247,738229,4209707,170041,549514,549111,2254674
494,70111,16479832,92572,3675296,27894800,741822,4213055,170485,558534,553422,2257904
495,70761,16521281,92636,3679148,28047534,744696,4216003,170647,565533,557124,2259743
496,71838,16557888,92715,3681126,28175044,746487,4217821,170735,572357,561302,2260899
497,72977,16636801,92866,3682911,28307832,749126,4220304,171084,579462,566587,2263167
498,74026,16733079,92987,3687828,28441986,752160,4223200,171226,587165,571111,2265502
499,75119,16809146,93106,3692468,28574350,754991,4225163,171658,595374,576936,2268209
500,76628,16852317,93217,3695633,28694879,757583,4227719,171942,603122,581560,2270602
501,77963,16913984,93319,3697927,28809339,760233,4230153,172325,610574,585100,2272633
502,79224,16954327,93383,3700367,28909975,762253,4232428,172491,616815,588124,2273708
503,80841,16994043,93443,3701484,28996473,763533,4233698,172639,622086,591494,2274375
504,82326,17049756,93582,3702688,29089069,765414,4235592,173072,627652,595364,2276111
505,84050,17134623,93683,3705942,29182532,767652,4237790,173661,633891,598813,2277632
506,85892,17225867,93764,3709129,29274823,769694,4239868,174285,639562,601687,2279556
507,87716,17312179,93837,3711569,29359155,771628,4241760,174773,646411,604396,2281303
508,88740,17385952,93907,3713480,29439989,773569,4243482,175176,652204,606778,2282727
509,89861,17422936,93953,3714969,29510410,774951,4244872,175337,657508,608472,2283746
510,91458,17465628,94001,3715518,29570881,775884,4245779,175681,662457,610521,2284337
511,93272,17552769,94094,3716170,29633105,777301,4247032,176137,667876,612202,2285534
512,93288,17639297,94172,3717625,29700313,779008,4248432,176622,673026,614216,2286767
513,96531,17715789,94236,3718955,29762793,780558,4249755,177282,678764,615984,2288155
514,98734,17811233,94327,3720031,29823546,782178,4250902,178078,685204,617947,2289333
515,100521,17889167,94408,3721139,29881772,783696,4252095,178792,691115,619635,2290412
516,101906,17933754,94465,3721981,29935221,785002,4252976,179075,696408,621056,2291135
517,103902,17979164,94545,3722327,29977861,785870,4253460,179293,701019,622640,2291722
518,105749,18103412,94657,3722782,30028709,787305,4254294,179876,705762,626343,2292295
519,107957,18180808,94767,3723798,30082778,789085,4255434,180498,711006,627854,2293421
520,109532,18257432,94911,3724806,30134445,790759,4255700,181239,716847,629431,2294669
521,111592,18332493,95073,3725580,30183143,792469,4256451,181885,722659,631152,2295873
522,113124,18393158,95268,3726172,30233183,794100,4257289,182393,728462,632326,2296982
523,114220,18425138,95399,3726710,30279331,795382,4258069,182597,734048,633679,2297801
524,115751,18457197,95518,3726929,30316897,796383,4258456,182884,739266,635188,2298478
525,117158,18523153,95748,3727333,30362848,797763,4259133,183603,745703,636916,2299059
526,118659,18570296,96009,3728141,30411634,799583,4259909,184161,751979,638805,2300101
527,120216,18631426,96205,3729033,30458251,801337,4260788,184537,758967,640662,2301221
528,122156,18694998,96407,3729682,30502362,803112,4261582,185060,765949,642053,2302344
529,123485,18748731,96574,3730353,30545433,804990,4262511,185591,772607,643580,2303485
530,124748,18774193,96706,3730912,30585229,806475,4263317,185868,778652,644622,2304311
531,125937,18802128,96814,3731124,30619932,807504,4263797,186053,785039,646367,2305013
532,127464,18863811,97057,3731564,30663665,809172,4264704,186453,792693,648085,2306006
533,129021,18917978,97317,3732549,30709557,811361,4265714,186959,799790,650162,2307068
534,130113,18972125,97609,3733519,30752950,813607,4267105,187525,808658,651380,2308142
535,131586,19030577,97893,3734468,30795716,815883,4268491,187977,817838,652859,2309264
536,132777,19074698,98201,3735420,30837222,818341,4269885,188513,827191,654212,2310246
537,133578,19093845,98350,3736165,30874376,820371,4271276,188754,836296,655449,2311025
538,134653,19113078,98510,3736489,30907282,821876,4272163,188942,844870,657139,2311690
539,135889,19161644,98840,3737135,30946147,824260,4273693,189703,855949,658778,2312662
540,136643,19217741,99182,3738683,30987880,827452,4275846,190183,867567,660788,2313705
541,137853,19272139,99564,3740325,31026829,830870,4278319,191020,880782,662570,2314828
542,139051,19315054,99946,3741781,31064908,834303,4281214,191712,893323,664576,2316081
543,140224,19364084,100301,3743389,31106065,838189,4284332,192435,905851,665886,2317198
544,140602,19380831,100507,3744681,31144229,841290,4287458,192758,916561,667109,2318035
545,141499,19397587,100756,3745227,31174322,843618,4289528,193189,927533,668751,2318752
546,142414,19428736,101176,3746410,31216337,847377,4293083,193807,939899,670953,2319886
547,142762,19484572,101600,3748613,31257720,852326,4297337,194310,951884,672871,2321081
548,143183,19533253,102068,3750503,31293062,857725,4302393,195111,964918,674726,2322340
549,143439,19640373,102555,3752592,31332159,861959,4307535,195898,980491,676708,2323638
550,143666,19675021,103033,3754511,31371901,865553,4312673,196745,996393,679017,2324935
551,143871,19693277,103334,3755898,31411262,870592,4317415,197409,1013438,680556,2325776
552,144285,19714719,103685,3756856,31440951,875301,4320530,197959,1027954,682947,2326550
553,145008,19758310,104455,3758401,31484605,882971,4325046,198935,1044071,685673,2327777
554,145552,19805359,105180,3761169,31528114,892599,4330739,199941,1061476,688307,2329044
555,145996,19846680,105990,3764311,31572344,903351,4336906,201009,1078646,690642,2330440
556,146523,19887058,106762,3766765,31613993,914182,4343519,201954,1095486,693109,2331950
557,147154,19922146,107458,3769165,31655824,926604,4350028,203213,1113272,695389,2333409
558,147501,19942499,107866,3771262,31695958,936852,4355348,203680,1130422,697370,2334433
559,147985,19961374,108343,3772109,31726507,945330,4358533,204271,1146186,699649,2335237
560,148572,19993870,109236,3773875,31769132,957431,4363374,205356,1163291,702097,2336603
561,148933,20034407,110076,3777446,31812114,971743,4369964,206691,1183110,705072,2338123
562,149361,20073891,110860,3780985,31856757,987060,4377188,208262,1203706,708079,2339731
563,149810,20116562,111736,3784433,31895385,1002867,4383787,209823,1224595,710509,2341399
564,150240,20156095,112421,3787639,31934455,1018688,4390684,211028,1243852,712740,2343046
565,150458,20169989,112906,3790766,31969954,1033214,4396417,211828,1262540,714877,2344260
566,150778,20185531,113443,3791949,31998158,1045392,4400617,212573,1279776,717486,2345166
567,151013,20220993,114479,3794429,32036511,1056125,4406241,213756,1299767,720680,2346560
568,151291,20256436,115305,3799425,32077706,1072153,4413162,215730,1320547,723296,2348295
569,151563,20292294,116228,3805063,32117826,1091187,4420429,217276,1342215,725769,2350163
570,151770,20325289,117017,3810641,32156493,1111683,4427827,218713,1363683,728532,2352042
571,151941,20354591,117757,3816285,32192576,1131986,4435008,219938,1384353,730479,2354008
572,152033,20368358,118183,3821013,32225513,1149874,4440669,220727,1404899,732272,2355317
573,152142,20386548,118628,3823139,32250679,1164881,4444338,221406,1424639,734838,2356345
574,152243,20425554,119396,3827051,32285857,1184986,4449606,222894,1444270,737294,2357844
575,152363,20465725,120137,3835375,32322258,1209082,4456765,224400,1466512,739907,2359893
576,152411,20501738,120845,3843775,32358829,1234423,4464005,225663,1489460,742228,2362052
577,152448,20535951,121515,3853055,32393286,1260415,4471225,227077,1513024,744307,2364242
578,152497,20561273,122170,3861147,32424234,1286077,4478691,228363,1535286,745731,2366560
579,152511,20575218,122568,3868197,32449306,1308422,4484613,229009,1555093,747433,2368150
580,152583,20590872,123024,3871865,32474773,1325346,4488779,229628,1572765,748981,2369339
581,152660,20622681,123706,3877612,32512366,1347015,4494857,230794,1593602,751001,2370604
582,152722,20652660,124315,3889173,32558530,1371426,4502396,232052,1616244,752863,2371895
583,152822,20683583,125014,3901799,32603188,1396464,4509611,232869,1640843,754915,2374012
584,152960,20711339,125624,3913828,32649947,1420783,4517434,233801,1662913,756492,2376571
585,153007,20734286,126328,3924131,32695030,1443642,4524292,234589,1685510,758008,2379159
586,153033,20745549,126767,3932547,32737939,1462979,4530246,234952,1706089,759222,2381553
587,153148,20758350,127231,3937106,32768880,1476653,4534499,235298,1725357,761124,2382769
588,153220,20785196,127975,3942856,32810845,1494372,4539991,235863,1746254,762647,2384564
589,153260,20810944,128625,3956387,32857937,1514400,4546487,236881,1765016,764295,2387052
590,153306,20837967,129273,3970102,32903289,1532616,4553241,237851,1786004,765914,2389923
591,153375,20861571,129923,3984353,32945907,1549337,4559970,238852,1805382,767271,2393002
592,153395,20881896,130443,3995188,32988673,1565351,4566126,239692,1824439,768295,2395616
593,153423,20894557,130779,4005641,33027621,1578258,4571440,240172,1844835,769271,2397758
594,153534,20904729,131125,4010390,33058843,1586482,4574787,240430,1862187,770759,2398900
595,153626,20918333,131706,4017116,33096718,1597089,4579502,241134,1880734,772182,2401462
596,153736,20932515,132228,4030681,33139981,1609477,4585423,241783,1900467,773529,2404585
597,153840,20965338,132710,4046112,33174954,1619873,4590941,242284,1919774,774587,2408595
598,153962,20981793,133169,4059081,33208330,1628732,4596558,242945,1940950,775548,2412543
599,153982,20995555,133665,4070295,33236921,1637534,4601749,243456,1960500,776325,2416739
600,153990,21003416,133994,4077640,33264175,1644747,4606413,243725,1979698,777163,2419254
601,154094,21012064,134277,4083151,33289579,1648920,4609205,243929,1995771,778312,2420776
602,154180,21025635,134810,4089476,33316755,1655199,4613214,244380,2011440,779492,2424416
603,154283,21038911,135290,4101931,33347325,1662008,4618040,244826,2030935,780824,2429354
604,154361,21074358,135744,4114856,33381728,1667699,4623155,245337,2049750,781989,2435404
605,154487,21109695,136180,4125878,33417390,1672812,4627699,245781,2067327,783075,2442344
606,154487,21234573,136569,4134779,33448163,1677512,4632275,246296,2082876,783910,2448908
607,154487,21243748,136809,4142116,33478419,1680908,4636111,246530,2097830,784566,2453240
608,154585,21253033,137094,4145852,33504534,1683129,4638516,246643,2112175,785541,2455873
609,154712,21268413,137583,4150516,33531498,1684899,4641890,246956,2127934,786577,2461415
610,154757,21300996,138072,4160970,33563421,1688142,4645853,247358,2142924,787828,2468567
611,154800,21325913,138556,4171666,33594803,1691743,4649906,247675,2156678,788769,2476848
612,154960,21344578,139036,4181393,33624419,1693838,4653696,248069,2171232,789872,2486343
613,154960,21358441,139460,4188604,33652745,1696508,4657215,248392,2185131,790662,2495068
614,154960,21367297,139759,4196378,33678786,1698644,4660314,248461,2198235,791392,2500198
615,155072,21376642,140114,4199400,33697581,1699792,4662087,248515,2209194,792367,2503710
616,155093,21393526,140798,4203571,33716451,1701514,4665049,248770,2220526,793271,2510781
617,155128,21410411,141441,4215351,33739980,1703497,4668261,249174,2232960,794163,2520986
618,155174,21432362,142110,4227501,33766707,1705072,4672355,249434,2245695,795061,2533301
619,155191,21450424,142728,4237619,33791061,1706516,4675758,249725,2257584,795959,2545904
620,155191,21462810,143259,4246136,33813903,1707759,4679067,250023,2268499,796618,2558300
621,155191,21471963,143614,4252300,33834702,1708726,4682034,250114,2277565,797192,2566875
622,155287,21483481,143997,4255388,33853048,1709325,4683646,250191,2285640,798004,2572327
623,155309,21505626,144740,4260187,33871881,1710304,4686109,250380,2294457,798766,2582818
624,155380,21524172,145469,4271734,33894312,1711429,4689341,250510,2303837,799615,2596134
625,155429,21538788,146215,4283378,33915569,1712401,4692274,250728,2313727,800282,2611928
626,155448,21557323,146826,4293807,33935309,1713228,4695291,250898,2323478,800997,2628975
627,155466,21572127,147422,4302661,33953475,1714002,4698038,251057,2332221,801633,2645597
628,155508,21580539,147847,4310273,33971607,1714555,4700316,251152,2339594,802198,2657699
629,155540,21587532,148246,4313384,33985920,1714924,4701832,251248,2346303,802861,2667304
630,155599,21594887,148937,4318355,34001743,1715531,4704318,251313,2353579,803552,2680076
631,155627,21603259,149547,4330258,34020730,1716262,4707087,251483,2361529,803878,2697176
632,155682,21618491,150185,4342640,34037592,1716879,4709753,251669,2369613,804276,2716867
633,155688,21632789,150743,4354158,34053573,1717396,4712482,251803,2377033,804516,2731325
634,155739,21642550,151305,4365107,34067719,1717896,4715464,251959,2384542,804652,2745165
635,155764,21648735,151649,4373789,34081315,1718324,4717899,252033,2390687,805037,2757328
636,155776,21658054,151968,4377845,34094373,1718554,4719493,252066,2396121,805560,2767743
637,155801,21671287,152629,4384616,34108996,1718925,4722188,252199,2401866,806517,2784227
638,155859,21686995,153179,4401631,34127450,1719313,4725887,252308,2407382,807052,2804050
639,155891,21703981,153695,4417708,34143236,1719656,4729678,252375,2413592,807522,2827388
640,155931,21717379,154318,4437280,34159562,1719980,4733557,252499,2420222,808096,2852109
641,155940,21729284,154898,4452425,34175468,1720263,4737462,252628,2426050,808534,2876288
642,155944,21733820,155272,4466157,34189774,1720495,4741185,252672,2431716,809056,2898049
643,156040,21741647,155661,4472730,34202202,1720646,4743720,252688,2436498,809729,2913666
644,156071,21754992,156454,4483203,34215653,1720956,4747773,252839,2442224,810298,2933778
645,156124,21772116,157134,4506415,34231809,1721266,4752368,252938,2448372,810880,2957359
646,156166,21785802,157774,4534452,34246157,1721539,4757231,253018,2454749,811407,2984456
647,156196,21798483,158364,4559120,34260470,1721831,4762563,253151,2460809,811897,3012370
648,156210,21808495,159019,4580663,34273300,1722115,4767440,253293,2466663,812194,3039616
649,156250,21814625,159424,4597550,34285814,1722343,4771965,253310,2471642,812570,3058108
650,156284,21819251,159863,4607208,34296237,1722427,4774783,253339,2476268,813011,3073125
651,156307,21825169,160836,4618021,34308140,1722648,4777614,253409,2481339,813433,3093661
652,156323,21841479,161591,4638419,34321025,1722912,4782802,253512,2486630,813828,3118140
653,156363,21854726,162362,4672368,34333754,1723070,4788704,253661,2492343,814115,3146617
654,156392,21867724,163164,4709488,34344683,1723295,4795465,253737,2497265,814289,3174223
655,156397,21878897,164006,4743490,34355509,1723525,4802225,253813,2501966,814417,3200411
656,156397,21884558,164520,4767033,34366987,1723682,4808047,253833,2506309,814558,3218967
657,156397,21891439,165028,4782546,34377113,1723782,4812594,253853,2510852,814929,3233178
658,156397,21903249,166150,4804378,34388579,1723976,4818705,253879,2517173,815372,3253327
659,156414,21918229,166983,4844054,34401670,1724203,4826738,254057,2522498,815759,3277772
660,156456,21933767,167951,4894250,34414186,1724418,4835435,254151,2528821,816060,3303694
661,156487,21948366,168885,4942890,34426036,1724619,4843957,254215,2535338,816415,3328934
662,156510,21957724,169831,4987971,34437307,1724813,4852496,254276,2541147,816675,3353694
663,156552,21962026,170449,5021469,34447536,1724958,4860061,254297,2546309,816966,3369387
664,156610,21964769,171020,5045076,34456401,1725036,4865260,254309,2551452,817333,3381399
665,156649,21971337,172272,5077124,34466598,1725187,4873075,254384,2556865,817672,3398913
666,156739,21984449,173471,5129950,34478517,1725391,4883242,254453,2563153,818035,3418792
667,156739,21995851,174641,5195321,34489623,1725539,4893887,254541,2569533,818307,3440602
668,156812,22008224,175856,5248291,34499925,1725692,4904441,254629,2575888,818578,3461873
669,156864,22016439,177130,5312215,34510413,1725796,4915981,254688,2581747,818787,3481347
670,156896,22021527,177838,5354942,34518901,1725953,4925688,254710,2586601,819019,3493203
671,156911,22025668,178513,5385585,34526480,1726002,4932091,254728,2591486,819386,3501815
672,157015,22038108,179935,5430911,34535763,1726113,4942135,254781,2597080,819699,3515641
673,157032,22050362,181273,5497795,34544882,1726190,4954585,254816,2602835,820004,3530969
674,157144,22062645,182528,5573756,34555431,1726309,4968341,254862,2608979,820285,3548842
675,157171,22073524,183804,5650170,34563749,1726430,4982022,254904,2614480,820527,3565644
676,157190,22081833,185104,5717295,34572523,1726555,4994891,254940,2619577,820724,3580671
677,157218,22085369,185898,5761696,34580832,1726627,5007818,254951,2623816,820878,3588916
678,157260,22089858,186688,5791060,34587822,1726709,5015790,254979,2627903,821121,3595410
679,157289,22100143,188390,5836813,34596776,1726798,5028547,255088,2632782,821366,3606622
680,157359,22112425,189817,5903999,34606541,1726913,5043620,255164,2638221,821651,3619223
681,157387,22124356,191261,5977208,34615757,1727030,5060430,255260,2644027,821949,3633386
682,157412,22134978,192729,6051560,34624360,1727188,5077445,255355,2649578,822172,3647777
683,157431,22142385,194258,6116070,34624360,1727308,5094072,255408,2654474,822392,3661583
684,157454,22147078,195230,6158125,34641561,1727412,5109082,255437,2658772,822592,3668794
685,157499,22153095,196233,6185961,34648383,1727493,5118576,255469,2663034,822830,3673839
686,157508,22163231,197310,6222020,34656822,1727604,5134318,255544,2667999,823102,3683044
687,157542,22173363,199235,6291621,34666241,1727739,5152264,255652,2673019,823357,3692939
688,157585,22182116,200968,6362232,34674643,1727893,5164780,255796,2678465,823554,3705823
689,157603,22189181,202676,6423520,34682633,1728039,5185270,255932,2683523,823786,3717640
690,157611,22191865,204479,6477217,34690510,1728176,5206305,256134,2688149,823980,3728246
691,157633,22193480,205603,6509863,34697860,1728311,5225517,256335,2691639,824222,3733967
692,157648,22196250,206872,6531606,34703644,1728388,5238221,256484,2695143,824535,3738390
693,157660,22200629,209228,6562429,34710628,1728527,5258886,256815,2699240,824764,3746106
694,157665,22205707,211061,6613730,34718602,1728686,5282076,257614,2703140,825016,3754567
695,157725,22209368,213160,6670407,34726049,1728861,5308180,258557,2707402,825176,3764485
696,157734,22213731,215150,6721375,34726049,1729048,5336795,260166,2711764,825445,3773700
697,157745,22216112,217322,6764188,34733194,1729248,5364852,262335,2715847,825603,3781506
698,157787,22217570,218936,6793536,34746838,1729421,5389155,263707,2718955,825736,3785395
699,157797,22220209,220690,6809622,34752164,1729555,5405360,264727,2721544,825954,3788209
700,157816,22223943,223730,6833050,34758481,1729814,5436143,267571,2724684,826206,3794490
701,157841,22227169,226899,6878709,34765976,1730065,5472469,270899,2728203,826423,3801079
702,157878,22230943,230436,6923636,34772626,1730353,5517054,274645,2731713,826664,3808612
703,157887,22234623,234340,6959067,34779815,1730699,5567644,277609,2735241,826901,3815440
704,157895,22238297,236615,6981281,34786802,1731018,5622431,281358,2738401,827058,3820891
705,157951,22243266,239288,6991381,34793333,1731281,5647313,282554,2741179,827271,3823879
706,157967,22250218,242588,7005289,34799691,1731495,5678112,284150,2743936,827522,3825917
707,157998,22259270,249246,7026369,34808886,1731808,5756412,285654,2746833,827763,3828336
708,158037,22269031,256119,7066412,34822040,1732275,5854428,288951,2750516,827972,3833952
709,158056,22281649,263504,7109182,34838804,1732810,5981428,292237,2754513,828207,3840041
710,158084,22291839,270829,7150422,34861579,1733307,6125683,295028,2758086,828431,3847226
711,158107,22295621,277700,7176814,34889132,1733835,6266939,297155,2761472,828773,3852397
712,158189,22297427,281702,7189329,34922882,1734463,6328076,298509,2764354,828986,3854405
713,158183,22309081,286679,7207847,34960261,1735244,6396110,299732,2767044,829277,3856359
714,158205,22328252,296204,7238408,35018358,1736510,6566947,302134,2769886,829632,3858248
715,158245,22351104,306188,7297320,35109286,1738998,6756035,304350,2773156,830002,3862959
716,158275,22386930,315915,7361660,35226386,1743442,6975465,306686,2776699,830480,3869728
717,158300,22450222,323246,7417995,35368372,1749686,7083762,309130,2780080,831052,3877032
718,158309,22499525,332270,7473884,35528004,1758297,7281297,310797,2783331,831748,3880371
719,158381,22529183,338070,7510436,35707727,1766539,7436939,311538,2786219,832589,3883316
720,158394,22563104,344711,7535691,35875790,1772969,7554344,312572,2788860,833946,3885416
721,158471,22636359,355258,7581381,36070510,1779343,7774863,313677,2792035,835927,3890974
722,158511,22724232,364470,7661811,36317927,1792578,7971068,314490,2795233,838375,3898240
723,158602,22822177,373398,7743228,36582129,1811255,8155645,315665,2798917,841297,3908469
724,158639,22933289,381673,7835451,36850962,1833475,8356514,316700,2802263,845501,3919151
725,158678,22981851,389770,7913473,37122164,1859208,8549450,317324,2805337,849204,3929950
726,158717,23015128,395472,7965977,37380253,1884687,8706915,317634,2808347,853738,3936582
727,158826,23089509,401722,8000122,37618271,1905685,8790302,317857,2810689,859485,3941923
728,158974,23229851,411849,8074527,37901241,1938027,9018425,318249,2813934,868215,3950774
729,159070,23425392,421013,8186850,38218773,1979505,9219391,319011,2817163,877717,3963917
730,159303,23595178,429525,8320386,38566027,2025683,9418256,319379,2820927,887769,3982738
731,159516,23766499,437573,8460546,38903731,2075528,9603856,319838,2824973,896584,4003280
732,159548,23931609,444869,8596007,39237264,2129939,9781191,320138,2829089,904796,4026198
733,159649,24054405,449237,8681447,39543328,2179922,9923678,320229,2832945,910394,4042152
734,159896,24142032,453833,8744840,39799202,2224761,10001344,320399,2836159,918448,4055643
735,160252,24342322,461001,8871795,40085116,2287375,10212621,320584,2840225,927880,4075351
736,160692,24560093,464394,9035795,40371500,2358972,10383561,320766,2844969,933451,4100292
737,161004,24789795,470665,9238931,40622709,2437984,10539601,320918,2850408,939267,4133396
738,161057,25050601,475431,9429079,40858241,2519772,10683948,321111,2855930,944074,4168560
739,161290,25256198,475431,9618245,41092522,2604661,10821375,321234,2861069,947392,4206731
740,162111,25360647,475431,9737215,41302440,2682767,10925485,321335,2865984,950441,4232143
741,162926,25463530,489870,9815533,41469499,2743726,10983116,321381,2870758,953913,4255206
742,163555,25634781,493114,9978146,41630885,2825414,11116422,321552,2876324,957570,4287117
743,164190,25820745,501152,10186644,41803318,2920300,11235745,321671,2882060,959775,4323009
744,164727,26107894,507940,10422764,41952712,3024742,11348701,321764,2887780,962517,4363754
745,165358,26326454,514892,10671602,42080664,3122919,11449601,321922,2895014,964119,4408776
746,165711,26484546,514892,10889417,42188138,3225194,11542793,322043,2904131,965222,4452612
747,166191,26546399,514892,11022590,42272014,3315180,11621736,322096,2914220,966405,4481918
748,166924,26616014,534790,11117857,42339611,3383184,11663338,322151,2925254,967427,4506669
749,167739,26793497,542262,11287428,42410976,3484368,11765767,322214,2939198,968611,4542568
750,168550,26972914,546782,11521678,42478060,3582167,11847436,322274,2956332,970462,4582137
751,169448,27135550,559587,11769540,42536137,3681890,11923631,322334,2975422,971475,4625614
752,169940,27299336,569973,12009712,42586544,3780239,11991109,322388,2996361,972141,4668581
753,170152,27434286,569973,12219501,42631421,3848672,12053330,322436,3019163,972632,4708604
754,170604,27492904,569973,12344661,42665534,3926107,12105675,322473,3040235,973059,4735258
755,171246,27552267,582383,12421126,42692943,3986217,12134451,322497,3064575,973541,4753922
756,171422,27677468,586809,12580343,42723558,4070412,12205474,322517,3083683,974039,4785138
757,171519,27819996,592765,12800315,42754315,4161342,12265343,322545,3111514,974493,4818112
758,171673,27940119,600718,13035941,42780235,4256522,12323398,322614,3138215,974857,4853339
759,171857,28072238,605046,13255989,42802505,4344220,12377098,322640,3166023,975132,4890332
760,171931,28177367,605046,13445094,42822473,4425739,12427773,322669,3194848,975330,4923680
761,172205,28218180,605046,13563126,42838524,4497233,12469975,322696,3221680,975559,4943428
762,172441,28258458,622717,13636993,42851929,4549142,12494459,322702,3246779,975806,4959461
763,172716,28361951,625463,13762895,42867031,4618759,12554596,322736,3273958,976105,4986161
764,172901,28493336,629727,13971947,42881179,4699110,12603758,322781,3305157,976361,5012980
765,173047,28589235,637658,14188269,42894345,4760332,12651251,322822,3337227,976512,5040518
766,173084,28679671,637729,14399012,42905844,4825972,12693320,322869,3367871,976670,5052182
767,173146,28749552,637729,14574845,42916117,4898120,12732680,322906,3395170,976771,5057946
768,173395,28776794,637729,14682758,42924130,4961816,12764558,322930,3419636,976865,5062889
769,173659,28796571,637757,14745107,42931045,5012908,12782836,322946,3442736,976984,5066370
770,173879,28818850,657443,14867218,42938599,5078276,12829972,322978,3468590,977076,5073037
771,174073,28846495,658559,15053624,42945160,5150876,12867918,323002,3496090,977199,5079916
772,174214,28906672,664588,15264297,42951556,5221144,12910506,323025,3528557,977269,5086452
773,174214,28978052,671773,15481890,42957477,5284831,12948859,323057,3561766,977380,5093353
774,174331,29040800,671773,15674100,42962953,5348422,12990223,323071,3595172,977447,5099723
775,174582,29056525,671773,15790989,42967315,5402455,13026112,323075,3622607,977501,5103154
776,175000,29077831,694142,15869417,42971308,5439457,13048774,323094,3649463,977567,5105901
777,175353,29152318,694142,16026216,42975883,5493395,13109527,323115,3680953,977641,5110233
778,175525,29198101,703052,16242070,42980067,5557262,13159342,323129,3711199,977709,5113255
779,175893,29259206,713103,16504822,42984261,5618325,13214498,323140,3741986,977786,5119367
780,175974,29313228,734262,16757658,42987875,5674311,13268459,323160,3774786,977848,5125225
781,176039,29361024,734262,16994744,42990991,5729537,13323179,323171,3801036,977878,5131059
782,176201,29374833,734262,17141351,42993494,5780484,13373207,323183,3823571,977937,5135046
783,176409,29391345,761110,17233729,42996062,5812843,13402905,323195,3845601,977987,5137302
784,176571,29441039,767220,17432617,42998938,5863778,13489319,323204,3872135,978044,5143422
785,176743,29488777,778617,17695210,43001477,5921690,13563466,323219,3900433,978085,5148651
786,176918,29532810,782912,17990141,43004005,5975168,13645834,323237,3927437,978107,5153795
787,176983,29584800,786312,18287986,43006080,6024350,13724411,323255,3951678,978119,5158926
788,177039,29624435,786312,18548225,43007841,6068943,13800179,323272,3974019,978127,5163689
789,177093,29637814,786312,18680017,43009390,6108503,13861743,323281,3993124,978155,5165928
790,177191,29650082,812017,18772331,43010971,6136069,13895188,323289,4010952,978196,5167659
791,177255,29691641,812224,18994411,43012749,6156221,13992092,323306,4032435,978231,5172101
792,177321,29738362,821536,19278143,43014687,6197583,14070450,323319,4054926,978265,5176322
793,177321,29775568,834038,19596530,43016372,6247334,14153098,323333,4079242,978297,5180177
794,177321,29809769,844713,19893028,43018032,6294771,14229495,323350,4101081,978309,5183807
795,177321,29839103,844713,20145054,43019453,6342100,14304111,323365,4122004,978317,5187213
796,177520,29849740,844713,20256278,43020723,6385448,14364723,323374,4137736,978332,5188740
797,177602,29857641,859477,20323779,43021982,6415168,14396283,323383,4152203,978347,5189976
798,177658,29887191,864815,20561131,43023215,6459761,14496579,323395,4167418,978377,5192611
799,177716,29920604,874135,20829608,43024440,6513370,14567990,323402,4183359,978402,5195136
800,177747,29951670,883676,21357095,43025775,6565019,14642354,323423,4201919,978426,5197694
801,177782,29978513,889626,21357039,43027035,6614278,14719394,323436,4219395,978442,5199775
802,177803,29995575,889626,21553495,43028131,6663087,14790806,323450,4234087,978452,5202690
803,177827,30002785,889626,21668677,43029044,6710303,14845815,323454,4246467,978475,5203875
804,177897,30015357,901336,21668677,43029839,6740558,14877144,323468,4256469,978507,5204632
805,177932,30042272,907786,21849074,43030925,6786356,14966058,323479,4268486,978528,5206731
806,177974,30069094,913476,22265788,43031958,6841117,15035943,323515,4280591,978538,5208892
807,177974,30095328,920692,22441051,43033067,6895996,15106066,323524,4292585,978545,5211118
808,177974,30125540,920692,22591726,43034217,6948130,15173707,323524,4307529,978556,5213143
809,177974,30146769,920692,22647197,43035271,7000759,15238128,323531,4317706,978568,5215360
810,177974,30153979,920692,22677986,43036132,7049807,15292048,323541,4325818,978571,5215627
811,178141,30161909,920692,22878428,43036928,7082903,15320753,323557,4333557,978593,5216044
812,178257,30184286,920692,23017079,43038016,7132975,15404809,323583,4342559,978616,5218179
813,178295,30210934,920692,23182447,43039023,7190641,15467395,323588,4352611,978631,5219784
814,178352,30234024,949583,23339311,43039972,7245842,15533012,323595,4363024,978634,5221359
815,178373,30247302,949583,23376879,43040947,7295539,15595302,323605,4372697,978648,5222493
816,178387,30250077,949583,23416663,43042097,7343063,15659835,323609,4382402,978654,5223367
817,178418,30252618,949583,23437145,43044280,7382268,15712088,323614,4389025,978665,5223754
818,178457,30261088,949583,23459628,43045527,7406848,15730676,323618,4396165,978674,5224058
819,178513,30275219,949583,23658211,43047594,7447674,15758002,323630,4402234,978684,5225140
820,178574,30311969,949583,23844536,43049974,7495555,15858442,323646,4409202,978693,5226284
821,178611,30330629,1000472,24006254,43052425,7542666,15934437,323646,4415101,978705,5227305
822,178638,30338697,1000472,24141333,43054952,7585564,16008181,323688,4421443,978714,5228118
823,178648,30345808,1000472,24180512,43057545,7629456,16079209,323696,4427067,978732,5228886
824,178689,30349463,1000472,24200596,43060086,7668131,16136057,323709,4431073,978743,5229187
825,178745,30355919,1000472,24337394,43060097,7692973,16161339,323718,4433551,978762,5229411
826,178769,30378061,1000472,24337394,43065496,7733523,16191323,323723,4436912,978770,5230066
827,178809,30399004,1000472,24609159,43068799,7779777,16279754,323724,4440383,978778,5230878
828,178850,30418920,1023013,24710769,43072176,7821448,16349788,323745,4443318,978793,5231933
829,178873,30433042,1023013,24798067,43075864,7858117,16409183,323760,4445897,978806,5232613
830,178879,30448236,1023013,24809785,43079188,7883149,16463200,323773,4448004,978810,5233265
831,178899,30454499,1023013,24813817,43082345,7910179,16504791,323786,4449507,978828,5233564
832,178901,30460997,1023013,24927339,43084913,7929437,16523859,323792,4450859,978836,5233764
833,178901,30482429,1023013,25033970,43088118,7959950,16586268,323796,4451781,978865,5233764
834,178901,30502501,1023013,25130137,43091393,7986412,16633911,323806,4452835,978884,5233764
835,178905,30524183,1052767,25215210,43094938,8007124,16682626,323818,4454113,978899,5233764
836,178919,30543908,1052767,25287462,43098743,8028779,16726990,323846,4455364,978914,5233764
837,178922,30558530,1052767,25295950,43102194,8068007,16767773,323868,4456736,978925,5233764
838,178981,30564536,1052767,25299300,43105401,8110413,16798998,323881,4458889,978942,5233764
839,179010,30574245,1052767,25406868,43107689,8138766,16816419,323900,4461135,978948,5237354
840,179017,30594388,1052767,25503878,43110586,8180756,16872618,323921,4463740,978960,5237354
841,179131,30617786,1052767,25592839,43113413,8227154,16915301,323939,4467061,978978,5237354
842,179169,30639130,1069740,25661838,43116254,8268802,16954784,323952,4470471,978982,5237354
843,179203,30664739,1069740,25723697,43119112,8308372,16993813,323975,4473500,978989,5237354
844,179242,30682094,1069740,25729848,43121599,8347702,17030147,324011,4475873,978991,5237354
845,179267,30688390,1069740,25732153,43123801,8382913,17057873,324026,4478112,978998,5237354
846,179321,30701900,1069740,25818405,43125370,8404699,17071649,324046,4479809,979004,5240195
847,179328,30701900,1069740,25890456,43127199,8441494,17116550,324071,4481278,979022,5240195
848,179477,30701900,1069740,25949175,43129563,8483562,17147477,324097,4483295,979028,5240195
849,179597,30701900,1081225,25998085,43131822,8523132,17178199,324129,4485419,979040,5240195
850,179624,30762413,1081225,26040460,43134145,8560475,17205017,324175,4487482,979051,5240195
851,179674,30762413,1081225,26044283,43136371,8596323,17229263,324222,4489503,979062,5240195
852,179716,30791220,1081225,26045528,43138393,8628164,17247552,324242,4491320,979068,5240195
853,179716,30803995,1081225,26109965,43140068,8646671,17257573,324274,4492864,979076,5242327
854,179771,30836815,1081225,26159106,43142192,8679163,17288287,324349,4494782,979087,5242327
855,179835,30851191,1081225,26198811,43144820,8714263,17312432,324406,4497212,979091,5242327
856,179835,30880512,1092193,26200663,43147530,8745175,17333299,324469,4499057,979105,5242327
857,180086,30921145,1092193,26240639,43150215,8772867,17355119,324558,4500934,979113,5242327
858,180122,30945384,1092193,26243352,43153043,8798523,17373741,324686,4502579,979118,5242327
859,180174,30953579,1092193,26244107,43155749,8819323,17388877,324768,4503734,979127,5242327
860,180259,30977661,1092193,26305996,43158087,8831651,17396723,324859,4505059,979132,5244223
861,180347,31019038,1092193,26360953,43160832,8853455,17421410,324976,4506510,979140,5244223
862,180419,31060017,1092193,26409455,43164544,8876113,17440232,325070,4508319,979152,5244223
863,180520,31101290,1105211,26452148,43168585,8896430,17457950,325170,4510196,979163,5244223
864,180584,31137479,1105211,26493235,43172547,8915687,17467642,325320,4512040,979182,5244223
865,180615,31137479,1105211,26493235,43176817,8933945,17490451,325442,4513631,979190,5244223
866,180615,31137479,1105211,26496611,43181335,8949039,17505973,325554,4514989,979199,5244223
867,180688,31195118,1105211,26498361,43185049,8958140,17514589,325634,4516319,979206,5245823
868,180741,31266163,1105211,26583016,43190282,8975161,17543136,325797,4517447,979213,5245823
869,180784,31315777,1105211,26660652,43197522,8993568,17566061,326015,4518965,979223,5245823
870,180864,31360850,1114573,26738530,43205106,9010356,17589595,326217,4520852,979235,5245823
871,180864,31417341,1114573,26803867,43213435,9025940,17611607,326449,4523018,979242,5245823
872,180864,31445137,1114573,26803867,43222017,9041278,17634065,326737,4524727,979251,5245823
873,180864,31456865,1114573,26809245,43230101,9054719,17653375,326932,4526298,979262,5245823
874,181120,31497038,1114573,26915085,43236695,9062661,17664043,327145,4528390,979271,5284337
875,181178,31541479,1114573,27007429,43245517,9077975,17703887,327425,4530312,979278,5284385
876,181236,31611769,1114573,27096571,43257730,9094519,17736696,327892,4532632,979297,5284420
877,181465,31611769,1125342,27124689,43270577,9110063,17773764,328319,4534665,979309,5284484
878,181534,31611769,1125342,27204953,43283793,9124760,17809934,328709,4536795,979333,5284534
879,181574,31611769,1125342,27204955,43296692,9139597,17844905,329107,4538922,979344,5284597
880,181666,31611769,1125342,27211896,43309473,9152738,17879160,329353,4540612,979362,5284629
881,181725,31754465,1125342,27334993,43319396,9160533,17896065,329605,4542705,979382,5285704
882,181808,31818827,1125342,27454225,43331645,9175927,17959329,330024,4544626,979396,5285730
883,181912,31890733,1125342,27573585,43344958,9193205,18014202,330478,4547051,979424,5285764
884,181987,31962782,1133597,27681775,43362294,9209862,18071634,331037,4549847,979457,5285796
885,182033,32023166,1133597,27771111,43378234,9225840,18128044,331539,4552359,979489,5285836
886,182072,32023166,1133597,27771112,43389973,9242413,18184917,331966,4554661,979512,5285871
887,182149,32023166,1133597,27771911,43407046,9256660,18234242,332227,4556664,979533,5285909
888,182228,32130316,1133597,27914240,43418839,9266214,18259261,332459,4558558,979569,5286931
889,182324,32206954,1133597,28048190,43433345,9285592,18343422,332898,4560583,979607,5286959
890,182403,32206954,1133597,28180861,43452164,9308916,18438877,333290,4563188,979658,5286989
891,182528,32358018,1145610,28293960,43469234,9332302,18523111,333694,4566055,979694,5287020
892,182594,32434063,1145610,28392629,43486326,9355427,18610011,333952,4568828,979729,5287065
893,182643,32471847,1145610,28392630,43502429,9380327,18695954,334249,4571355,979762,5287095
894,182724,32490422,1145610,28394995,43518564,9403613,18768871,334249,4573891,979801,5287122
895,182793,32535923,1145610,28542484,43531650,9420398,18805756,334551,4575809,979835,5288270
896,182793,32610514,1145610,28673212,43547809,9456631,18938771,334800,4578741,979908,5288294
897,182979,32687680,1145610,28808614,43566739,9502425,19048788,335092,4582302,979998,5288322
898,183084,32759730,1158485,28926346,43585554,9550392,19157174,335341,4586322,980058,5288357
899,183221,32830844,1158485,29022265,43604394,9600360,19259037,335569,4589911,980141,5288404
900,183235,32874501,1158485,29022265,43622651,9655344,19357938,335773,4592710,980213,5288439
901,183265,32896464,1158485,29025760,43639329,9709429,19439501,335861,4595974,980317,5288473
902,183268,32940507,1158485,29180489,43652944,9746584,19523262,335929,4598391,980446,5288509
903,183272,33004555,1158485,29308100,43669850,9822578,19667320,336053,4600736,980590,5288545
904,183285,33076779,1158485,29460249,43689989,9917058,19778911,336292,4604670,980767,5288579
905,183358,33142158,1171034,29569943,43710027,10014835,19887543,336445,4608768,980981,5288620
906,183407,33250117,1171034,29692989,43730071,10118147,19985479,336578,4613998,981142,5289732
907,183445,33290266,1171034,29692989,43750599,10228794,20076863,336690,4619045,981294,5289787
908,183572,33301118,1171034,29692989,43767534,10334366,20145859,336740,4622981,981408,5289844
909,183687,33339815,1171034,29853680,43783062,10410516,20177910,336798,4626061,981794,5289923
910,183908,33397814,1171034,29994679,43801678,10477208,20299013,336904,4629963,982062,5289986
911,184038,33454294,1171034,30131303,43824728,10629729,20385814,337005,4635648,982402,5290040
912,184224,33505727,1171034,30239122,43847065,10815963,20467349,337085,4640235,982719,5290117
913,184360,33555526,1171034,30331131,43868476,11011053,20539016,337161,4644115,983103,5291621
914,184473,33555526,1171034,30331133,43888755,11211985,20608190,337242,4648931,983319,5291700
915,184587,33591356,1171034,30331133,43905621,11388477,20660065,337297,4651651,983622,5291779
916,184819,33621965,1171034,30476605,43920451,11514977,20684182,337339,4654951,984075,5291868
917,185086,33659879,1171034,30598385,43938764,11711379,20772833,337389,4659710,984475,5291947
918,185272,33704393,1171034,30702511,43959321,11920979,20837233,337456,4664213,984893,5292020
919,185393,33748985,1171034,30787309,43979730,12154082,20898059,337500,4668139,985417,5292128
920,185481,33790698,1171034,30853312,44000138,12375380,20952476,337550,4672999,985808,5294357
921,185552,33813587,1171034,30853314,44019811,12597610,21002773,337599,4677270,986100,5294486
922,185749,33833900,1171034,30854175,44036275,12795382,21040025,337622,4680053,986596,5294643
923,185930,33855964,1171034,30956873,44050009,12935010,21059545,337639,4683266,987228,5294794
924,186120,33890428,1171034,31044554,44067144,13145926,21124644,337689,4687470,987737,5294949
925,186393,33924061,1171034,31119199,44087037,13395634,21170600,337734,4692800,988327,5295103
926,186697,33964494,1218216,31178705,44107588,13634335,21213559,337768,4697213,988821,5295299
927,187037,33994470,1218216,31228314,44126994,13868027,21251774,337808,4701140,989350,5298325
928,187109,34011173,1218216,31228314,44145709,14095507,21286771,337833,4705824,989676,5298604
929,187442,34018371,1218216,31228322,44145709,14301928,21313427,337853,4708552,990127,5298881
930,187685,34035780,1218216,31307020,44174650,14439709,21325402,337874,4711415,990625,5299165
931,187966,34066000,1218216,31379757,44190697,14652175,21368480,337884,4714498,991185,5299442
932,188202,34066000,1218216,31439645,44206996,14902463,21400179,337894,4719394,991681,5299664
933,188506,34124579,1238998,31489484,44223557,15142572,21428602,337912,4724225,992146,5303833
934,188704,34148131,1238998,31535343,44239372,15311290,21455291,337921,4728168,992565,5304149
935,188820,34148131,1238998,31535343,44253464,15494932,21480076,337938,4732502,992727,5304634
936,189045,34148131,1238998,31535340,44268381,15673273,21499531,337950,4735547,993032,5305063
937,189343,34178240,1238998,31599085,44277711,15811748,21509424,337961,4737984,993459,5305455
938,189477,34201280,1238998,31666475,44286256,15977877,21518365,337966,4741413,993858,5305875
939,189710,34223207,1238998,31725160,44298864,16209238,21554626,337985,4744929,994389,5306219
940,190010,34245374,1250557,31771884,44314618,16464723,21581917,338009,4749000,994613,5306713
941,190254,34264237,1250557,31808179,44327890,16725722,21606606,338022,4752490,994859,5312730
942,190435,34264237,1250557,31808179,44339429,16978914,21630998,338042,4755288,995039,5313322
943,190643,34264237,1250557,31808228,44348960,17205062,21650468,338047,4757752,995241,5313939
944,191040,34284864,1250557,31868639,44357546,17345982,21660885,338053,4759830,995646,5314531
945,191247,34284864,1250557,31921578,44368195,17554433,21696242,338061,4762552,995989,5315071
946,191585,34329600,1250557,31921578,44378920,17797923,21721630,338088,4765188,996231,5315613
947,191967,34350639,1258798,32008122,44389176,18018770,21745065,338093,4768394,996442,5325288
948,191967,34368909,1258798,32041348,44398696,18211113,21767060,338105,4771512,996605,5325948
949,191967,34368909,1258798,32041349,44408132,18391173,21788862,338153,4774003,996670,5326639
950,192463,34368909,1258798,32041350,44415723,18548929,21806509,338161,4776194,996834,5327363
951,192906,34397205,1258798,32095854,44415723,18644758,21814856,338165,4777769,996979,5328138
952,193004,34414011,1258798,32095854,44415723,18797340,21845943,338170,4780284,997122,5328726
953,193250,34429853,1258798,32184553,44436339,18966848,21867757,338183,4782624,997346,5329263
954,193520,34429853,1266917,32218483,44442507,19116684,21888255,338210,4784980,997526,5341445
955,193520,34456145,1266917,32247828,44449726,19246866,21907413,338214,4787308,997660,5342118
956,193912,34456145,1266917,32247828,44456535,19369978,21925073,338234,4789552,997752,5342895
957,194163,34456145,1266917,32247828,44462445,19477797,21938269,338235,4791456,997868,5343674
958,194355,34477539,1266917,32297537,44466862,19545759,21944877,338237,4792942,997990,5344324
959,194614,34477539,1266917,32344032,44469661,19657900,21969725,338243,4795009,998167,5360956
960,195012,34477539,1266917,32386089,44478636,19787682,21987295,338259,4797437,998295,5361560
961,195298,34477539,1271516,32422084,44484729,19900027,22004612,338271,4799663,998432,5362294
962,195471,34516739,1271516,32452250,44490283,19999466,22020154,338280,4801653,998542,5362980
963,195631,34516739,1271516,32452250,44495359,20092165,22035291,338290,4803624,998654,5363758
964,195925,34516739,1271516,32452250,44500580,20173655,22047192,338295,4805107,998743,5364432
965,196182,34533957,1271516,32507180,44502363,20226491,22054443,338301,4806954,998870,5365009
966,196404,34544377,1271516,32558479,44510057,20314059,22077601,338307,4808896,998957,5365512
967,196751,34558902,1271516,32604993,44516479,20414288,22096450,338308,4811327,999046,5366011
968,196870,34568833,1277473,32643742,44522777,20500172,22114423,338315,4813702,999121,5390574
969,196992,34568833,1277473,32680355,44528524,20576128,22131785,338324,4815679,999181,5391216
970,197066,34568833,1277473,32680356,44534188,20647079,22148935,338332,4817251,999216,5391762
971,197240,34568833,1277473,32680356,44539046,20711125,22161016,338341,4818890,999241,5392365
972,197434,34592163,1277473,32740593,44543089,20749162,22169273,338347,4820197,999316,5392816
973,197608,34592027,1277473,32797308,44545011,20780883,22197658,338365,4821864,999355,5393218
974,197788,34592027,1277473,32854286,44553042,20850696,22218846,338371,4823975,999394,5393630
975,198023,34616655,1287044,32905086,44558425,20928069,22241369,338379,4826220,999453,5394128
976,198163,34624427,1287044,32952050,44563337,20991907,22262452,338379,4828290,999506,5431208
977,198244,34624427,1287044,32952050,44568114,21031120,22284812,338389,4830214,999535,5431736
978,198416,34624427,1287044,32952050,44572243,21077882,22303606,338390,4831822,999575,5432271
979,198543,34638288,1287044,33041332,44575473,21121413,22313612,338390,4833008,999614,5432591
980,198750,34638288,1287044,33137143,44579088,21165123,22358487,338404,4834560,999656,5432840
981,198876,34654190,1287044,33216006,44583360,21215102,22395282,338420,4837005,999687,5433127
982,199067,34654190,1292940,33312373,44587307,21257275,22432803,338420,4838872,999712,5477614
983,199188,34672524,1292940,33386229,44591112,21293921,22467278,338434,4840879,999742,5478025
984,199310,34672524,1292940,33386229,44594487,21329519,22500346,338439,4845757,999759,5478336
985,199386,34672524,1292940,33386229,44597498,21358831,22529252,338445,4845649,999759,5478645
986,199545,34684529,1292940,33386229,44599466,21373998,22542568,338449,4845691,999789,5478864
987,199690,34684529,1292940,33519761,44601892,21413721,22602840,338455,4846592,999829,5479048
988,199845,34699017,1292940,33652255,44604463,21455079,22648063,338463,4848314,999839,5479206
989,199994,34707233,1297708,33826367,44606460,21488519,22692912,338474,4850108,999849,5479387
990,200130,34707233,1312634,33948632,44609257,21517962,22737577,338484,4851896,999860,5479598
991,200202,34707233,1312634,33948632,44612013,21544747,22781293,338484,4853523,999866,5479793
992,200372,34707233,1312634,33948632,44614437,21567543,22815736,338499,4854976,999886,5479938
993,200469,34724189,1312634,34121168,44616394,21580581,22830825,338506,4856217,999911,5480098
994,200626,34731539,1312634,34257916,44616235,21593704,22896742,338518,4857508,999946,5480251
995,200729,34731539,1312634,34403129,44621319,21639209,22944496,338528,4859136,999991,5480392
996,200846,34739865,1323455,34517327,44623997,21684899,22990201,338538,4861226,1000036,5480495
997,201014,34746462,1323455,34608835,44626427,21721504,23030777,338568,4863457,1000078,5480652
998,201096,34746462,1323455,34608837,44628828,21756642,23069745,338571,4865480,1000123,5480779
999,201212,34746462,1323455,34608837,44630888,21786304,23099983,338578,4867192,1000151,5480863
1000,201276,34746462,1323455,34758889,44632430,21801676,23114013,338599,4868402,1000191,5560188
1001,201503,34746462,1323455,34888963,44634376,21843970,23172370,338647,4870275,1000233,5583170
1002,201557,34771320,1323455,35005769,44636517,21887525,23214073,338678,4872570,1000275,5583231
1003,201750,34771320,1335318,35098062,44638636,21923635,23254633,338703,4875131,1000325,5583316
1004,201949,34780462,1335318,35172693,44640748,21955228,23290747,338728,4877387,1000373,5583411
1005,202026,34780462,1335318,35172694,44642742,21989401,23322522,338728,4880005,1000416,5583518
1006,202108,34780462,1335318,35172694,44644076,22020274,23348075,338749,4882059,1000455,5583603
1007,202199,34783786,1335318,35288228,44644938,22037126,23359680,338749,4883796,1000495,5583709
1008,202347,34799324,1335318,35383015,44645768,22084832,23408393,338749,4885539,1000509,5600684
1009,202509,34807075,1335318,35461920,44646880,22135126,23443429,338908,4887675,1000523,5600741
1010,202608,34815258,1348737,35523412,44649088,22177863,23475187,338970,4890437,1000526,5600801
1011,202756,34815258,1348737,35571130,44650662,22217117,23504224,339036,4893733,1000538,5600890
1012,202834,34815258,1348737,35571130,44652256,22261640,23531023,339078,4896922,1000541,5600960
1013,202966,34815258,1348737,35571131,44653592,22302251,23531023,339113,4900051,1000550,5601042
1014,203063,34828749,1348737,35619687,44654638,22324592,23531023,339147,4902964,1000556,5601102
1015,203167,34837035,1348737,35649648,44655828,22389872,23531023,339253,4905877,1000585,5601163
1016,203265,34837035,1348737,35728277,44655926,22460268,23531023,339350,4909846,1000631,5601211
1017,203395,34846308,1360721,35784912,44658365,22527741,23531023,339350,4914557,1000676,5617643
1018,203497,34849063,1360721,35823771,44659447,22561805,23642011,339552,4918917,1000698,5617701
1019,203574,34849063,1360721,35823771,44660579,22635975,23642011,339671,4923538,1000708,5617767
1020,203681,34849063,1360721,35823771,44661504,22702372,23642011,339756,4927451,1000734,5617810
1021,203829,34855492,1360721,35884834,44660293,22733994,23642011,339788,4929972,1000749,5617842
1022,203942,34855492,1360721,35932654,44660293,22815395,23642011,339788,4933753,1000759,5617870
1023,204094,34855492,1360721,35971322,44660293,22902805,23642011,339987,4937020,1000766,5617906
1024,204287,34889576,1372651,36005025,44664810,22981382,23642011,340114,4940456,1000775,5617950
1025,204392,34908198,1372651,36033394,44665643,23055475,23823192,340209,4943701,1000784,5618015
1026,204417,34908198,1372651,36033395,44666372,23134961,23823192,340371,4946583,1000792,5618081
1027,204510,34908198,1372651,36033395,44666924,23203855,23823192,340431,4948817,1000806,5618142
1028,204610,34908198,1372651,36080574,44667390,23241410,23823192,340431,4950566,1000814,5627788
1029,204724,34908198,1372651,36119184,44667900,23341236,23823192,340600,4953418,1000826,5627819
1030,204820,34938073,1372651,36152490,44668535,23448938,23823192,340690,4956722,1000834,5635182
1031,204982,34971043,1384654,36180077,44667967,23540544,23823192,340784,4960179,1000838,5635218
1032,205009,34999495,1384654,36205405,44669748,23626318,24031538,340888,4963216,1000846,5635276
1033,205039,34999495,1384654,36205405,44670240,23716205,24031538,340975,4965666,1000849,5635334
1034,205146,34999495,1384654,36205405,44670646,23793927,24031538,341030,4967299,1000851,5635398
1035,205229,34999495,1384654,36247081,44670940,23836351,24031538,341043,4969420,1000855,5635439
1036,205324,35052152,1384654,36280371,44671300,23957587,24031538,341116,4971936,1000859,5635487
1037,205391,35082036,1384654,36318461,44671708,24090948,24031538,341235,4975473,1000863,5642284
1038,205506,35105241,1394254,36348477,44672048,24151056,24031538,341319,4978350,1000865,5642326
1039,205541,35149503,1394254,36373164,44672442,24268896,24260660,341361,4981374,1000875,5642382
1040,205612,35149503,1394254,36373164,44672787,24394223,24260660,341460,4984272,1000875,5642444
1041,205612,35149503,1394254,36373165,44673078,24492699,24260660,341496,4986294,1000878,5642496
1042,205802,35149503,1394254,36419717,44673293,24541816,24260660,341515,4988759,1000884,5642564
1043,205830,35227599,1394254,36463485,44673567,24676912,24260660,341573,4990431,1000885,5642600
1044,205907,35227599,1394254,36499600,44673863,24815308,24260660,341636,4992168,1000889,5642645
1045,206073,35302137,1405255,36530020,44674138,24933509,24260660,341696,4994543,1000894,5642692
1046,206133,35337546,1405255,36557861,44674390,25043437,24488080,341804,4996964,1000900,5647735
1047,206145,35337546,1405255,36557861,44674616,25153028,24488080,341886,4998830,1000903,5647790
1048,206206,35337546,1405255,36557861,44674842,25242594,24488080,341924,5000332,1000909,5647838
